name,guid,sysid,host
NPKZFUBL,f2148fc1-51e5-4bd0-8754-97988b091338,d4719d90da11059,ec2-35-73-37-159.ap-northeast-1.compute.amazonaws.com
NZNPJFKS,96f8c625-f6af-41e3-8933-bd84a828b6c0,18cac79ece1a891,ec2-35-73-37-159.ap-northeast-1.compute.amazonaws.com
NXESADGD,cca57440-cff3-46d8-bc30-1d6eb5716d1a,3f36b650b014ec9,ec2-35-73-37-159.ap-northeast-1.compute.amazonaws.com
NZAVFNGU,aa150b5e-37fd-4707-b06b-6dd74c56914d,08a8a295d3c7a26,ec2-35-73-37-159.ap-northeast-1.compute.amazonaws.com
NCZNYFWT,a228f8d1-8ed1-4e99-9de4-75d72ccf2e7c,b8380dd39c0554c,ec2-35-73-37-159.ap-northeast-1.compute.amazonaws.com
NGGLVNLL,bc9428a6-9267-4f7c-b901-1fc24b5c13bb,5b0248a1fcc8833,ec2-35-73-37-159.ap-northeast-1.compute.amazonaws.com
NZRJFXVZ,107592aa-b8ec-4a53-8aeb-0407d39c6a84,810991b8bfa0758,ec2-35-73-37-159.ap-northeast-1.compute.amazonaws.com
NZYZTARG,819008b6-1db5-4164-9775-5854b70014a1,43982dceefbe565,ec2-35-73-37-159.ap-northeast-1.compute.amazonaws.com
NRKREBXU,6b81ba7e-e912-48e6-a7ba-f3269bc9bc69,efff50cfe57cb97,ec2-35-73-37-159.ap-northeast-1.compute.amazonaws.com
NQQCZVEK,e3ee1f0b-1615-4f7b-887c-ba4427e3b3bc,6f813220a996390,ec2-35-73-37-159.ap-northeast-1.compute.amazonaws.com
NWRPCTNA,02097d2b-37f9-4c1e-abc9-6f1cdee88e23,d804bbef5314f9e,ec2-35-73-37-159.ap-northeast-1.compute.amazonaws.com
NESNTGGA,b6acd0eb-833e-4722-bd48-d12c08e24421,b7321583c819853,ec2-35-73-37-159.ap-northeast-1.compute.amazonaws.com
NSJTPPAH,073f31b2-9ecd-4c4f-b564-6c7c770507d1,c74855489ab8429,ec2-35-73-37-159.ap-northeast-1.compute.amazonaws.com
NKMJZSXU,eeb26c68-51a8-46a3-8496-fa9d6ecfa2ea,775e2a511a18cf9,ec2-35-73-37-159.ap-northeast-1.compute.amazonaws.com
NKZETWVL,3a47cc32-faeb-42fa-8e6c-8860720a3ab9,13641d7ae128497,ec2-35-73-37-159.ap-northeast-1.compute.amazonaws.com
NTGUEVSG,82d29559-0939-4e5e-a56d-1e2c600d152f,c160d22e7e7deb0,ec2-35-73-37-159.ap-northeast-1.compute.amazonaws.com
NPXBHFQK,83267a96-e2c2-461c-b7d8-940a81e7a348,49bd3ccc75bedf7,ec2-35-73-37-159.ap-northeast-1.compute.amazonaws.com
NZGNGZRS,6c28d1f8-95a5-4c1a-ae57-f833cb66aba9,fb1cf052d3ff482,ec2-35-73-37-159.ap-northeast-1.compute.amazonaws.com
NGJCVFGD,a5a767ca-c032-40a1-9cf6-282830e6af70,b454b989881b89a,ec2-35-73-37-159.ap-northeast-1.compute.amazonaws.com
NHEZWWXP,5e514512-dd9c-46d9-852e-4cb49eeb6156,9b016c4f65a4ecb,ec2-35-73-37-159.ap-northeast-1.compute.amazonaws.com
NVLTREPF,72e139b2-d00d-4fad-9bb8-36383b0a2975,5bdd90cc06d8ca4,ec2-35-73-37-159.ap-northeast-1.compute.amazonaws.com
NQSNAXWY,f629ec11-1b14-40cb-9715-8e75c9fd8013,0d103f4b105df00,ec2-35-73-37-159.ap-northeast-1.compute.amazonaws.com
NKGENXCL,09aadc1e-5af3-49e7-960c-296042d203a7,eb4844df078fb9f,ec2-35-73-37-159.ap-northeast-1.compute.amazonaws.com
NCLYSLUB,0bc59bfc-3d13-497b-8db5-3eb6b096d4f0,5df071c5a9ea0a0,ec2-35-73-37-159.ap-northeast-1.compute.amazonaws.com
NPXYUHER,720053cb-6871-4499-8d76-246e2db9fce7,b7c85d9b9cac3c5,ec2-35-73-37-159.ap-northeast-1.compute.amazonaws.com
NVNKQDFL,ec8c7db7-1746-4fe3-8f71-986e8ee80713,18dd239dca54e23,ec2-35-73-37-159.ap-northeast-1.compute.amazonaws.com
NAXVXSYY,5a74061f-e6b7-4a82-bb07-436c7fac8dd4,eb5026f3a446aeb,ec2-35-73-37-159.ap-northeast-1.compute.amazonaws.com
NTEAMCYT,fa2bd703-c630-4df2-b0f1-c4846db01366,d8c336b99ba9c7a,ec2-35-73-37-159.ap-northeast-1.compute.amazonaws.com
NLAQHERE,4d927922-a8cd-4747-8ded-ae087aa0b4bf,562f66abad6acf0,ec2-35-73-37-159.ap-northeast-1.compute.amazonaws.com
NYTBYHXT,4c7506d8-a93a-4983-9553-0591bfe0ba7f,198c9c1471e437d,ec2-35-73-37-159.ap-northeast-1.compute.amazonaws.com
NDEHWSTP,50a6ee0a-bb90-43d4-959b-ab1ceb8e30c9,d3cb4b2dc0b1478,ec2-35-73-37-159.ap-northeast-1.compute.amazonaws.com
NBQWDEVK,6865a4a4-70d0-4d49-a374-f06669b4609c,4800940b7485fe8,ec2-35-73-37-159.ap-northeast-1.compute.amazonaws.com
NANLCZEX,63e2c353-beae-4678-8693-238ca06c8114,66a93b5a8328e45,ec2-35-73-37-159.ap-northeast-1.compute.amazonaws.com
NPTRZYMN,e498f866-a8a6-4cc0-8e6e-0b68b25b81ba,0cd86d9a5f357df,ec2-35-73-37-159.ap-northeast-1.compute.amazonaws.com
NXHFTNJY,94111786-3c85-4fcb-9b2e-d06db429a26d,33ebda029124432,ec2-35-73-37-159.ap-northeast-1.compute.amazonaws.com
NZQTLMVH,82d95f23-d967-410e-8a2d-1b03e6089262,babe30120e976e6,ec2-35-73-37-159.ap-northeast-1.compute.amazonaws.com
NPNJCXPD,55afa2ee-61f7-451e-aeb5-d7fe1eb958a0,b0d4c42b085a45f,ec2-35-73-37-159.ap-northeast-1.compute.amazonaws.com
NCHYYAMN,2cf522d7-ce28-49f5-bfba-0f07eebcb66e,464334ef0912a88,ec2-35-73-37-159.ap-northeast-1.compute.amazonaws.com
NEWCTYBX,04ec7a80-fabd-4256-97c8-4f749cb07064,70dccaf6f1320aa,ec2-35-73-37-159.ap-northeast-1.compute.amazonaws.com
NTJQTKBF,c533aa38-f321-432f-94d5-62023589df2c,214f6ed66cdc885,ec2-35-73-37-159.ap-northeast-1.compute.amazonaws.com
NZQBUUAC,3e35dcfe-99aa-49f7-b81f-69ab7ad4e8a8,6ac5d9d44f7c138,ec2-35-73-37-159.ap-northeast-1.compute.amazonaws.com
NJUNZYTV,3b5250c2-b4c6-46d3-87ab-4c6af3fae6a0,8d34a6871a2ac49,ec2-35-73-37-159.ap-northeast-1.compute.amazonaws.com
NFUFFJQN,1499c3a9-296d-46a0-980b-cecad7c71806,2b39dffbbf0bf78,ec2-35-73-37-159.ap-northeast-1.compute.amazonaws.com
NLFLWMTP,c6fb24af-8005-4ab3-a872-fff939d132f8,51ddf8d2e0735d3,ec2-35-73-37-159.ap-northeast-1.compute.amazonaws.com
NLHHCHPA,a9608a8c-969d-408b-b368-0a6acdb57490,a4481ab587f0724,ec2-35-73-37-159.ap-northeast-1.compute.amazonaws.com
NSMYVTPQ,86e96db2-4523-4d16-8547-d515f2e60b28,9b9c91d9b2821f2,ec2-35-73-37-159.ap-northeast-1.compute.amazonaws.com
NSZKNKRR,1d6e0489-3bf5-4725-945c-3b786ceb1916,abf787608d4e66e,ec2-35-73-37-159.ap-northeast-1.compute.amazonaws.com
NHNZNHBC,5acceb18-1019-453b-b80a-c8f71facadef,a58abc26eac8e5e,ec2-35-73-37-159.ap-northeast-1.compute.amazonaws.com
NUYMGTEN,8c879242-41dc-457f-b81a-c2717e47893d,133da5c6b90318d,ec2-35-73-37-159.ap-northeast-1.compute.amazonaws.com
NZFCNMNK,54ef51b1-3dde-4098-b003-a234c62b7489,359e1830ac22c71,ec2-35-73-37-159.ap-northeast-1.compute.amazonaws.com
NKWLLFXJ,e707cbe4-ac8d-4b9d-87c6-71dacef9fcaf,b675e10bb19d752,ec2-35-73-37-159.ap-northeast-1.compute.amazonaws.com
NQDBBJDK,f7835164-1f6c-44fd-9e43-37bf39396bc1,1ab9c9774403621,ec2-35-73-37-159.ap-northeast-1.compute.amazonaws.com
NVXGRLPB,c96a69c8-aa97-40be-83ff-b60e6c167101,3533ec30dc5f75e,ec2-35-73-37-159.ap-northeast-1.compute.amazonaws.com
NBVHMKNP,04c5fa4c-a10f-4a59-b682-e09f36481fef,6d582a62a6c203d,ec2-35-73-37-159.ap-northeast-1.compute.amazonaws.com
NZKWLRQK,600bc4bd-33e2-4e15-a852-7c3c09979ec0,4d6d29668f051e9,ec2-35-73-37-159.ap-northeast-1.compute.amazonaws.com
NNJGRMPZ,82d706ac-95b6-4ba5-9505-c56be1d3941a,f3718376ba98e0f,ec2-35-73-37-159.ap-northeast-1.compute.amazonaws.com
NMJEJQPU,c8c0fddb-2781-41be-be49-b026ccf251df,5de0a455a633fc0,ec2-35-73-37-159.ap-northeast-1.compute.amazonaws.com
NPTSFGTN,17aaa77b-f4ec-48c6-ae20-00d93f622415,ab0472f35c0e0b9,ec2-35-73-37-159.ap-northeast-1.compute.amazonaws.com
NVXNRZFZ,02c49e88-db34-4d7e-9299-7572996443ab,4c43893307a7677,ec2-35-73-37-159.ap-northeast-1.compute.amazonaws.com
NTEJUSLL,e78b4c0d-72f9-4607-8c65-02c410dd27b3,e50b5ed29c77d0f,ec2-35-73-37-159.ap-northeast-1.compute.amazonaws.com
NKVTPRSS,11a50884-a726-430b-93b2-5e4a085ad229,4c62e9ec2a30455,ec2-35-73-37-159.ap-northeast-1.compute.amazonaws.com
NZLFJGFF,6e6b9cfe-b98d-4c00-9e5c-e3d0e65abe8a,16b9c60503f56a2,ec2-35-73-37-159.ap-northeast-1.compute.amazonaws.com
NBGZJRYY,d9630a45-62ba-402e-998b-88d2a10a6356,f0ac60aaef17332,ec2-35-73-37-159.ap-northeast-1.compute.amazonaws.com
NUCBZYPH,74f5ed64-23ff-4777-82a9-87062fd736ef,e48349b01931c2d,ec2-35-73-37-159.ap-northeast-1.compute.amazonaws.com
NHYNVEFU,bd067718-5df0-430f-b7b0-638607b91e1c,470c3b8de11043e,ec2-35-73-37-159.ap-northeast-1.compute.amazonaws.com
NJVPQQJF,cb96d69c-28de-4588-b660-7fcb3d77fc73,5ae496cbb970b29,ec2-35-73-37-159.ap-northeast-1.compute.amazonaws.com
NBJFLKHB,7f7cbf34-5bf1-46f6-bda3-bc8cbf88f351,e8c2a35839d87db,ec2-35-73-37-159.ap-northeast-1.compute.amazonaws.com
NCUTMVEF,a2733d60-42a4-49ec-b381-65a00a09787d,0e651daa040cbfc,ec2-35-73-37-159.ap-northeast-1.compute.amazonaws.com
NPVMACSG,fc0484ad-d9df-4843-a1ba-dc51092760f9,33aec98e0f5cf50,ec2-35-73-37-159.ap-northeast-1.compute.amazonaws.com
NDTMHVZQ,d3cdb71d-b39f-4cf4-b6fe-f1ce5b4321db,dca53db03cfa68b,ec2-35-73-37-159.ap-northeast-1.compute.amazonaws.com
NAQMJHTC,df91d7ec-3b22-4aad-a401-2a79b60bfcd6,75e190b5c0ba0c9,ec2-35-73-37-159.ap-northeast-1.compute.amazonaws.com
NMRXJJXY,8b7ae2fd-44b4-4860-8ec2-86d145d5644a,c49897644ecafe6,ec2-35-73-37-159.ap-northeast-1.compute.amazonaws.com
NUGJRQBV,5be20912-094d-4856-a0fe-02378ac29cd2,86070881cce3024,ec2-35-73-37-159.ap-northeast-1.compute.amazonaws.com
NKLSKQMH,0f2463bf-6955-462d-8f14-072380dd085b,4cee77bcf458ed3,ec2-35-73-37-159.ap-northeast-1.compute.amazonaws.com
NJDCEXCB,5ef321b0-81c1-432a-8fd4-50fc48a3f814,1e1e8074f5e72a2,ec2-35-73-37-159.ap-northeast-1.compute.amazonaws.com
NWJZJLTW,6fb41ce3-b062-4b69-a134-7ae4f7c73c26,77e6a71153fe764,ec2-35-73-37-159.ap-northeast-1.compute.amazonaws.com
NNVATUVZ,d690db41-e0bd-4840-b96a-1664bb1f66d3,f137456764032e3,ec2-35-73-37-159.ap-northeast-1.compute.amazonaws.com
NAEULKXV,613d0667-68c8-4384-9811-91998209de99,e73b612ee607192,ec2-35-73-37-159.ap-northeast-1.compute.amazonaws.com
NDNZRAQU,a9bae51b-b404-4ee5-87ce-5b555f086633,f599a086e5ed970,ec2-35-73-37-159.ap-northeast-1.compute.amazonaws.com
NTABHMJA,19608811-8059-43d1-b603-2ba706372b5a,9133ec71599b80f,ec2-35-73-37-159.ap-northeast-1.compute.amazonaws.com
NWHFRUAS,a151e6c9-bb5c-4862-b07d-276193a54300,38909288190f286,ec2-35-73-37-159.ap-northeast-1.compute.amazonaws.com
NFRJKBJC,a442cf6e-c545-42bf-a095-28b7779a027e,63e5928dd665ec0,ec2-35-73-37-159.ap-northeast-1.compute.amazonaws.com
NUQHZJJE,792b9ff8-27e7-4e87-be9f-3bdadfbc287e,8f508ee4d7c679a,ec2-35-73-37-159.ap-northeast-1.compute.amazonaws.com
NDZZTFKB,7c7195da-d0fa-4a6f-a816-afe75e3ebdba,263781546fa722b,ec2-35-73-37-159.ap-northeast-1.compute.amazonaws.com
NYJDJBBS,6d49566b-b43b-49a9-90e1-b6835af4e5bc,f0576d1130c10bf,ec2-35-73-37-159.ap-northeast-1.compute.amazonaws.com
NYQMLRFL,c0c2f7c8-48f0-45ec-9681-90e373abbe9e,f873a42a325173d,ec2-35-73-37-159.ap-northeast-1.compute.amazonaws.com
NMKHDFJA,7bd265ea-906d-4816-aac7-18bf61385260,b8f5bc3a1ba1180,ec2-35-73-37-159.ap-northeast-1.compute.amazonaws.com
NPBTVTFE,faa9074d-4f8b-478f-aa29-6c7de6969d33,23c2a5e720fa4ae,ec2-35-73-37-159.ap-northeast-1.compute.amazonaws.com
NLHLRXKZ,909c8bf1-9642-415d-a5e2-e55736cb91a0,980a1738384f1de,ec2-35-73-37-159.ap-northeast-1.compute.amazonaws.com
NJDSVXHU,5b9507a9-675e-4a8d-88c4-4ce550b2806f,e07ba9ad14eaae4,ec2-35-73-37-159.ap-northeast-1.compute.amazonaws.com
NZZBTGBU,c01673d4-1024-4e4d-9e2a-3d6f307a452e,158caeac9cec0f0,ec2-35-73-37-159.ap-northeast-1.compute.amazonaws.com
NFWKSPWU,647466cb-b935-42bc-8d1e-ab721b9c416f,d748a3f1a10724c,ec2-35-73-37-159.ap-northeast-1.compute.amazonaws.com
NMATQGRN,711deffa-ad41-4235-9df8-eab7b8c59490,6266c65fe9be0f5,ec2-35-73-37-159.ap-northeast-1.compute.amazonaws.com
NXNNZDHH,e71b9f45-e248-4fff-bb9c-ed5e61bfe5f7,489e435d1bdf2a3,ec2-35-73-37-159.ap-northeast-1.compute.amazonaws.com
NGKQJAKC,f9097822-566b-4a8f-951b-5306385f5b1c,df6885c84d4e780,ec2-35-73-37-159.ap-northeast-1.compute.amazonaws.com
NZQEADKK,919d102d-89e4-4df5-86a0-5d2778ee4eca,c9a9e93db6a4ac4,ec2-35-73-37-159.ap-northeast-1.compute.amazonaws.com
NXCGCRGT,5d2d63e7-cab9-465c-a658-4035ecbeaf82,25b59fa0352dcdf,ec2-35-73-37-159.ap-northeast-1.compute.amazonaws.com
NMWEDGQT,14c304e9-0ad4-4749-b0c2-1d5086436e9f,56ae2b771598e1f,ec2-35-73-37-159.ap-northeast-1.compute.amazonaws.com
NFFVZVDV,00029597-375e-4f92-9739-02b5a742a333,0264efe196f1104,ec2-35-73-37-159.ap-northeast-1.compute.amazonaws.com
NWWYEZTY,5d6ff0e2-595a-45ad-be06-3445c15f2619,bef23986d6d8f3c,ec2-35-73-37-159.ap-northeast-1.compute.amazonaws.com
